Topic-0,Topic-1,Topic-2,Topic-3,Topic-4,Topic-5,Topic-6,Topic-7,Topic-8,Topic-9,Topic-10,Topic-11,Topic-12,Topic-13,Topic-14,Topic-15,Topic-16,Topic-17,Topic-18,Topic-19
products,customer,company,tier,issue,customer,tires,first,get,years,warranty,tires,tires,tire,help,purchase,customer,tires,customer,tier
company,service,tier,company,response,service,tier,tier,time,tires,tires,happy,new,company,question,helpful,tires,like,tires,tires
tier,company,tires,always,resolved,support,company,received,experience,tier,still,wear,miles,tier,answer,go,one,good,back,company
recommend,tier,purchased,tires,claim,quickly,last,company,long,company,tire,ride,car,dealer,would,vehicle,supportlaced,vehicle,problem,since
customer,thank,brand,great,warranty,questions,sets,set,took,many,even,new,set,buy,received,would,best,tier,got,told
discount,supportresentative,wear,quality,tire,thanks,vehicles,pleased,good,used,mileage,disappointed,really,product,never,company,supportlace,company,could,however
would,excellent,great,customer,tread,supportlacement,performance,tires,tires,cars,get,much,tier,tires,got,tires,company,work,satisfied,buying
service,good,purchase,best,thank,warranty,always,well,back,always,go,bought,brand,problem,told,tier,tier,also,never,bought
even,helpful,satisfied,service,still,helpful,good,would,product,continue,dealer,set,bought,recommend,get,car,miles,would,care,one
quality,received,set,set,wear,excellent,mileage,still,dealer,great,thank,mileage,buy,need,tires,never,even,thank,service,new
pleased,much,years,experience,back,tire,years,cars,tire,performance,behind,vehicle,company,behind,thank,best,never,get,helpful,years
experience,behind,tread,happy,problem,claim,set,last,got,time,pleased,last,need,brand,product,set,get,buy,received,performance
great,experience,behind,product,much,well,ride,time,much,best,purchased,would,supportlaced,new,tire,could,good,car,purchased,cars
care,continue,vehicles,bought,excellent,great,best,mileage,last,recommend,discount,discount,purchased,never,new,purchased,brand,dealer,support,many
really,care,excellent,ride,tier,tires,excellent,product,make,also,good,make,customer,excellent,company,support,disappointed,best,dealer,brand
cars,work,new,tire,brand,make,satisfied,since,one,would,product,great,got,could,could,brand,work,even,used,work
best,help,buy,thank,quickly,pleased,would,sets,quality,quality,need,also,good,thanks,still,thank,supportlacement,make,get,care
questions,tires,continue,car,work,also,warranty,performance,service,ride,car,need,dealer,great,need,care,used,care,took,ride
new,support,warranty,excellent,would,product,well,great,great,first,customer,warranty,make,support,disappointed,back,new,really,even,supportlacement
thank,tire,product,cars,care,care,thanks,quickly,tier,problem,also,well,however,always,back,quickly,bought,bought,excellent,experience
